Image,Mask
0.jpg,0.png
1.jpg,1.png
2.jpg,2.png
3.jpg,3.png
4.jpg,4.png
5.jpg,5.png
6.jpg,6.png
7.jpg,7.png
8.jpg,8.png
9.jpg,9.png
10.jpg,10.png
11.jpg,11.png
12.jpg,12.png
13.jpg,13.png
14.jpg,14.png
15.jpg,15.png
16.jpg,16.png
17.jpg,17.png
18.jpg,18.png
19.jpg,19.png
20.jpg,20.png
21.jpg,21.png
22.jpg,22.png
23.jpg,23.png
24.jpg,24.png
25.jpg,25.png
26.jpg,26.png
27.jpg,27.png
28.jpg,28.png
29.jpg,29.png
30.jpg,30.png
31.jpg,31.png
32.jpg,32.png
33.jpg,33.png
34.jpg,34.png
35.jpg,35.png
36.jpg,36.png
37.jpg,37.png
38.jpg,38.png
39.jpg,39.png
40.jpg,40.png
